<application>
  <component name="FileTypeManager" version="19">
    <extensionMap>
      <mapping pattern="Dockerfile-gpu" type="AUTO_DETECTED" />
      <mapping pattern="-r" type="AUTO_DETECTED" />
      <mapping ext="lock" type="PLAIN_TEXT" />
      <removed_mapping ext="conf" approved="true" type="SmartyConfig" />
      <removed_mapping ext="log" approved="true" type="ANSI Aware" />
      <removed_mapping ext="ng" approved="true" type="HTML" />
      <removed_mapping ext="pdf" approved="true" type="Native" />
    </extensionMap>
  </component>
</application>