<application>
  <component name="SshConfigs">
    <configs>
      <sshConfig host="103.107.183.131" id="9301366f-b2df-4ad0-8d2f-0a6946cb61de" keyPath="$USER_HOME$/.ssh/id_rsa" port="22" nameFormat="DESCRIPTIVE" username="root" useOpenSSHConfig="true" />
      <sshConfig host="222.252.10.197" id="cbac0af5-5220-4846-9d6f-fcf7f5995cd0" keyPath="$USER_HOME$/.ssh/id_rsa" port="2251" customName="local-worker-gdt" nameFormat="CUSTOM" username="root" useOpenSSHConfig="true">
        <option name="customName" value="local-worker-gdt" />
      </sshConfig>
    </configs>
  </component>
</application>