<keymap version="1" name="GNOME copy" parent="Default for GNOME">
  <action id="EditorChooseLookupItemReplace" />
  <action id="EditorLookupSelectionDown">
    <keyboard-shortcut first-keystroke="tab" />
  </action>
  <action id="EditorLookupSelectionUp">
    <keyboard-shortcut first-keystroke="shift tab" />
  </action>
  <action id="ManageRecentProjects">
    <keyboard-shortcut first-keystroke="shift alt r" />
  </action>
  <action id="PublishGroup.Upload">
    <keyboard-shortcut first-keystroke="ctrl alt 0" />
  </action>
  <action id="RerunTests" />
</keymap>