<keymap version="1" name="Windows copy" parent="$default">
  <action id="$LRU">
    <keyboard-shortcut first-keystroke="shift alt r" />
  </action>
  <action id="ActivateTerminalToolWindow">
    <keyboard-shortcut first-keystroke="alt f12" />
    <keyboard-shortcut first-keystroke="ctrl j" />
  </action>
  <action id="Editor LRU">
    <keyboard-shortcut first-keystroke="shift alt r" />
  </action>
  <action id="InsertLiveTemplate" />
  <action id="ManageRecentProjects">
    <keyboard-shortcut first-keystroke="shift alt r" />
  </action>
  <action id="RerunTests" />
</keymap>